"scenario_id","scenario_name","category","risk_level","next_best_action","caregiver_channel","status"
"SC-BTH-001","Wet floor in a wet-room","bathroom","HIGH","Continue monitoring","digest","draft"
"SC-BTH-002","No grab bar seen near the toilet","bathroom","LOW","Consider fitting a grab bar beside the toilet and inside the tub or shower.","digest","draft"
"SC-BTH-003","Prolonged time in the bathroom","bathroom","MEDIUM","Consider checking in by phone","digest","draft"
"SC-COR-001","Cord seen on the floor in a walkway","corridor","LOW","Coil or tape loose cords along the wall","digest","draft"
"SC-ELC-001","Charger left plugged in unattended","electrical","LOW","Unplug the charger when not in use","digest","draft"
"SC-FAL-001","Wet floor detected outside the bathroom","fall_risk","HIGH","Check and dry the wet area","push","draft"
"SC-KIT-001","Cooking left unattended","kitchen","CRITICAL","Ask someone to check the kitchen","push","draft"
"SC-KIT-002","Knife left out with nobody present","kitchen","LOW","Put the knife away when convenient","digest","draft"
"SC-KIT-003","Gas cylinder visible near the stove","kitchen","HIGH","Move the gas cylinder away from the stove","push","draft"
"SC-MED-001","Medicine packaging left out","bedroom","INFO","Consider a pill organiser if packaging is often left out","digest","draft"
"SC-MOB-001","Walking aid left away from the person","corridor","LOW","Check the walking stick is within easy reach","digest","draft"
"SC-SAF-001","Fall detection","safety","INFO","","none","rejected"
"SC-SAF-002","Stove left on","kitchen","INFO","","none","rejected"
"SC-SAF-003","Gas leak detection","kitchen","INFO","","none","rejected"
"SC-SAF-004","Medication adherence","bedroom","INFO","","none","rejected"
"SC-SAF-005","Hydration monitoring","hall","INFO","","none","rejected"
"SC-SAF-006","Tap left running or flooding","bathroom","INFO","","none","rejected"
"SC-SAF-007","Person unconscious or not moving","hall","INFO","","none","rejected"
"SC-SAF-008","Wandering or leaving the house","hall","INFO","","none","rejected"
"SC-SAF-009","Cognitive decline inference","hall","INFO","","none","rejected"
"SC-SAF-010","Knife handling safety","kitchen","INFO","","none","rejected"
"SC-SAF-011","Identifying who is home","hall","INFO","","none","rejected"
"SC-SYS-001","Nobody seen for an unusually long time","hall","INFO","Consider a check-in call","digest","draft"
